task,fold,held_out_city,station_id,model,legal,n,rmse,mae,bias,r2,median_ae
N,Almaty,Almaty,8876,idw_k5_p2,True,345,15.891588050749908,9.252432944241349,-5.46188427965375,0.4795127854361789,4.473916486323066
N,Almaty,Almaty,8876,nearest_monitor,True,345,20.823496788092122,13.381953084904312,-10.839497214288897,0.10631845580375932,7.491666666666667
N,Almaty,Almaty,8876,oracle_city_constant,False,345,22.02735066619081,16.722769400547104,3.954324790317079e-15,0.0,13.495811546011927
N,Almaty,Almaty,8876,ordinary_kriging,True,345,18.088844984838545,12.965709466799334,6.956356059531548,0.3256317069275748,8.567863119135083
N,Almaty,Almaty,8876,train_global_mean,True,345,26.401827250718057,24.096914778826655,14.555147021085766,-0.436625063603455,26.300958567097688
N,Almaty,Almaty,8876,train_global_median,True,345,22.324318269678407,18.19414861641894,3.6291884539880748,-0.027145291505765945,16.708333333333332
N,Almaty,Almaty,8876,training_pool_mean,True,345,26.30794201876637,23.99332242932153,14.384145295826109,-0.4264259162243129,26.12995684183803
N,Ashgabat,Ashgabat,Ashgabat,idw_k5_p2,True,263,31.545826597371,19.948536451384737,6.6356543950109526,-1.8843647143235298,11.32102155459229
N,Ashgabat,Ashgabat,Ashgabat,nearest_monitor,True,263,49.20067640892139,29.054174279757646,19.268284824069045,-6.016305611518995,15.333333333333329
N,Ashgabat,Ashgabat,Ashgabat,oracle_city_constant,False,263,18.574486859262766,12.482277818540704,4.322693449491104e-16,0.0,10.530493693041223
N,Ashgabat,Ashgabat,Ashgabat,ordinary_kriging,True,263,29.862295081804955,18.943342366114415,5.004589740174744,-1.584715312622726,10.92913311335556
N,Ashgabat,Ashgabat,Ashgabat,train_global_mean,True,263,23.751291655338022,20.06505689082428,14.802442136755825,-0.6350868124183895,20.54126916313038
N,Ashgabat,Ashgabat,Ashgabat,train_global_median,True,263,18.797381639968133,13.309658949268803,2.8861729736254462,-0.024144102253696342,12.0
N,Ashgabat,Ashgabat,Ashgabat,training_pool_mean,True,263,24.45917331698973,20.893488529449964,15.913503613774608,-0.7340032192987263,21.36066397348249
N,Bishkek,Bishkek,Bishkek,idw_k5_p2,True,334,25.10906893003658,18.771764423790735,17.62096155621856,-1.3911469331662984,11.465356500806019
N,Bishkek,Bishkek,Bishkek,nearest_monitor,True,334,21.6641772640186,14.503870775504966,13.077868953329828,-0.7800387108916309,7.910416666666666
N,Bishkek,Bishkek,Bishkek,oracle_city_constant,False,334,16.23781080891205,9.94322652206275,-2.7230380292602644e-15,0.0,7.422916666666666
N,Bishkek,Bishkek,Bishkek,ordinary_kriging,True,334,31.102367093679735,25.344692042050216,24.019103735412518,-2.66886669076869,19.480532656679408
N,Bishkek,Bishkek,Bishkek,train_global_mean,True,334,31.449691858897893,30.03256655158341,26.93355932946122,-2.751265779013333,32.68090536282466
N,Bishkek,Bishkek,Bishkek,train_global_median,True,334,23.179993847163463,21.10984359905606,16.542237299969884,-1.0378474892622482,22.58888888888889
N,Bishkek,Bishkek,Bishkek,training_pool_mean,True,334,31.46698798644199,30.05034234568356,26.953753598949138,-2.755393018991901,32.70109963231259
N,Dushanbe,Dushanbe,Dushanbe,idw_k5_p2,True,343,41.858501419175866,27.647392935544598,-13.725149690823699,-0.0664960050797676,17.977550875261898
N,Dushanbe,Dushanbe,Dushanbe,nearest_monitor,True,343,43.60764736820145,28.838785917008785,-20.625760390681876,-0.15748985997352705,17.415416666666662
N,Dushanbe,Dushanbe,Dushanbe,oracle_city_constant,False,343,40.53256236159895,27.43981460892297,-6.628970129540293e-15,0.0,22.80973416440189
N,Dushanbe,Dushanbe,Dushanbe,ordinary_kriging,True,343,41.94888745638605,25.770055748119727,-19.023174310259726,-0.07110679714194656,14.298055555555559
N,Dushanbe,Dushanbe,Dushanbe,train_global_mean,True,343,43.2335413110745,25.949785508731512,-15.04162500195633,-0.13771504720551908,15.809775829112223
N,Dushanbe,Dushanbe,Dushanbe,train_global_median,True,343,47.178133916011404,27.994478007554168,-24.143067497735217,-0.35479441764078246,13.541666666666657
N,Dushanbe,Dushanbe,Dushanbe,training_pool_mean,True,343,42.88929443717302,25.886331385504928,-14.021517953546015,-0.11966907819180306,16.163216210855875
N,Khujand,Khujand,1894632,idw_k5_p2,True,274,28.59398906490904,18.882676122832937,7.43080600219053,0.16836114379012646,10.733020473537373
N,Khujand,Khujand,1924313,idw_k5_p2,True,316,39.5937279007556,25.107362723952555,-10.867560696219568,0.2889074012534495,11.597282827258443
N,Khujand,Khujand,1894632,nearest_monitor,True,274,30.408978761736865,19.339389375955204,6.622752792544867,0.05943470630011849,10.608459595959602
N,Khujand,Khujand,1924313,nearest_monitor,True,316,41.00056524683463,25.403010543961972,-11.28537991309326,0.23747680617353495,10.151644736842103
N,Khujand,Khujand,1894632,oracle_city_constant,False,275,32.98562806320109,26.724977059263892,10.403360192659612,-0.11045876732059368,27.834159382502982
N,Khujand,Khujand,1924313,oracle_city_constant,False,317,47.74483347353642,34.066202308445334,-9.0249970125596,-0.037054676141120124,24.445602522258916
N,Khujand,Khujand,1894632,ordinary_kriging,True,274,26.13110838087856,17.010286312240567,2.0526332954450845,0.30545411694661795,9.89659489534005
N,Khujand,Khujand,1924313,ordinary_kriging,True,316,41.584276552037196,25.24620500360626,-17.11032304144623,0.21561068170155928,10.159100472015659
N,Khujand,Khujand,1894632,train_global_mean,True,275,32.28697311466079,25.563816068695044,7.913714518555979,-0.06391660231508056,26.133123514821946
N,Khujand,Khujand,1924313,train_global_mean,True,317,48.277381334746615,33.46537427631528,-11.514642686663235,-0.06031840096178698,22.56873462593306
N,Khujand,Khujand,1894632,train_global_median,True,275,31.467858106056852,21.65664975493591,-3.225575662932636,-0.01061860312826357,16.66287878787879
N,Khujand,Khujand,1924313,train_global_median,True,317,52.070329619983625,32.18777046302118,-22.653932868151852,-0.233472700482253,13.442878787878788
N,Khujand,Khujand,1894632,training_pool_mean,True,275,32.41587089946912,25.785740118307622,8.424187245391915,-0.07242840889422442,26.41333232977069
N,Khujand,Khujand,1924313,training_pool_mean,True,317,48.158180082347165,33.58513463869911,-11.0041699598273,-0.05508881965256718,22.883570425008784
N,Tashkent,Tashkent,8881,idw_k5_p2,True,337,28.122595754415222,17.24739210346246,2.098302509821693,0.17460725995057103,8.131935613709135
N,Tashkent,Tashkent,8881,nearest_monitor,True,337,30.005484937332294,18.617794945197367,-4.640232795500792,0.060382414241246796,9.172826086956524
N,Tashkent,Tashkent,8881,oracle_city_constant,False,337,30.954591839374284,23.338056590830046,-6.746993336594423e-16,0.0,19.745591611680705
N,Tashkent,Tashkent,8881,ordinary_kriging,True,337,23.624314245596103,14.898430160562233,-3.4551251098545763,0.4175371136017789,8.963228533083752
N,Tashkent,Tashkent,8881,train_global_mean,True,337,31.071317495474435,24.29657062379082,2.6907275897642924,-0.007555953907126378,21.819652534778335
N,Tashkent,Tashkent,8881,train_global_median,True,337,32.661529135661844,20.940244369990275,-10.420591611680708,-0.1133273120965308,12.329545454545453
N,Tashkent,Tashkent,8881,training_pool_mean,True,337,31.088463862855146,24.370431505425646,2.8819835894385673,-0.008668278243551208,21.90575813221406
