tier,held_out_city,seed,model,n_train,n_test,zero_shot,n,rmse,mae,bias,r2,median_ae
static_only,Almaty,0,lightgbm,4283,345,False,345,22.342237098831244,14.325951338271267,7.5667600000108575,-0.028794849386388988,7.825195193188701
static_only,Almaty,1,lightgbm,4283,345,False,345,22.925020621348214,14.368568711536943,7.870027953175117,-0.08316579905910726,7.127281491847835
static_only,Almaty,2,lightgbm,4283,345,False,345,22.927440984812595,14.691384996779933,8.383728521419846,-0.08339452673293879,7.790814622104943
static_only,Almaty,3,lightgbm,4283,345,False,345,24.17001285535279,14.993029429811532,9.321341380989663,-0.2040076089056977,7.310741070312132
static_only,Almaty,4,lightgbm,4283,345,False,345,23.686203614716636,14.809022807059124,8.67539868901847,-0.15628897656510277,7.329544642184571
static_only,Almaty,0,cams_debiased_pooled,0,345,False,345,23.245090143162837,20.76182214996498,11.106098665359692,-0.1136223490306787,21.078534963078695
static_only,Ashgabat,0,lightgbm,3882,263,False,263,24.879173358574356,17.66551246613639,9.27343518811808,-0.7940652865820035,12.957851513317875
static_only,Ashgabat,1,lightgbm,3882,263,False,263,25.387190858433552,17.897004377053403,9.784563540020539,-0.868080755867205,12.649680134381558
static_only,Ashgabat,2,lightgbm,3882,263,False,263,24.87493379791086,17.902764978521954,9.822574210127126,-0.7934538996642051,13.187251457448568
static_only,Ashgabat,3,lightgbm,3882,263,False,263,25.304564488158235,18.58304275000883,11.197748060750854,-0.8559406533098819,14.803335952900653
static_only,Ashgabat,4,lightgbm,3882,263,False,263,25.528884873104033,18.354629916591612,10.525664551117119,-0.8889916584991926,14.114194886569274
static_only,Ashgabat,0,cams_debiased_pooled,0,263,False,263,18.831754385843258,14.085155472733872,6.6013212015566465,-0.02789301061577998,12.558229567079227
static_only,Bishkek,0,lightgbm,3670,334,False,334,34.30728838471729,27.532769344854405,25.527007284751708,-3.463934693676409,20.525619634370717
static_only,Bishkek,1,lightgbm,3670,334,False,334,33.88996442071789,27.719471358385018,25.89202437305855,-3.3559939886983576,21.139534847110866
static_only,Bishkek,2,lightgbm,3670,334,False,334,34.30989734079086,27.02368729189572,25.253835724506008,-3.4646136544982857,18.720026096175594
static_only,Bishkek,3,lightgbm,3670,334,False,334,35.468609203018644,27.517601975939748,25.83391596863504,-3.771263089682261,19.51894203669269
static_only,Bishkek,4,lightgbm,3670,334,False,334,35.15042968784023,27.512429421964022,25.84886784188735,-3.6860435734825288,18.765555790758206
static_only,Bishkek,0,cams_debiased_pooled,0,334,False,334,20.028893882570493,17.377185751903486,11.952747134598663,-0.5214545282131502,17.28766869950227
static_only,Dushanbe,0,lightgbm,3775,343,False,343,42.37322161582971,25.310756555669688,-13.920725529590635,-0.09288596769745716,14.942295722095375
static_only,Dushanbe,1,lightgbm,3775,343,False,343,42.561208784339655,25.601538463862514,-13.319338525665012,-0.1026045712395518,15.4505257364384
static_only,Dushanbe,2,lightgbm,3775,343,False,343,43.4312840886041,26.01603472818886,-14.641840969913503,-0.1481462737461865,14.862391636606716
static_only,Dushanbe,3,lightgbm,3775,343,False,343,43.097286744067674,25.931796285429193,-13.823481832410879,-0.13055511590344482,15.268720522440198
static_only,Dushanbe,4,lightgbm,3775,343,False,343,43.091902744216995,25.751752869859754,-14.441576992996833,-0.13027266061094367,15.286264211862694
static_only,Dushanbe,0,cams_debiased_pooled,0,343,False,343,47.95555989277336,29.4882470017659,-27.643886194130275,-0.39981232348674056,16.60831688765886
static_only,Khujand,0,lightgbm,4821,592,True,592,35.5829441115007,23.23431600426174,-2.1898925607908186,0.26646037854835913,15.224571745620892
static_only,Khujand,1,lightgbm,4821,592,True,592,36.284922330752615,24.01302984573996,-1.908136420458318,0.2372324384190867,16.430175365894808
static_only,Khujand,2,lightgbm,4821,592,True,592,35.92664162131971,24.055995119822757,-1.7040779195371902,0.25222134650040373,16.229010195451963
static_only,Khujand,3,lightgbm,4821,592,True,592,36.415010742548006,24.105830843426027,-1.8495267057737828,0.23175329785123222,16.38088649272533
static_only,Khujand,4,lightgbm,4821,592,True,592,36.50253274239196,24.553951768406034,-0.9746157686281246,0.22805596046972143,17.039890413716503
static_only,Khujand,0,cams_debiased_pooled,0,592,True,592,39.901334913920735,25.301479407311643,-9.719510731085155,0.07760982012146289,15.112980795315
static_only,Tashkent,0,lightgbm,3674,337,False,337,29.829552969208702,18.154358342027145,-11.591256439846804,0.0713686817056679,8.479488423297777
static_only,Tashkent,1,lightgbm,3674,337,False,337,30.94157249001144,18.499678484898922,-12.597639556507831,0.0008410132812074478,8.684672564347926
static_only,Tashkent,2,lightgbm,3674,337,False,337,31.435998556309922,18.90068177301916,-12.954261164781986,-0.031345924063129305,8.270966290300336
static_only,Tashkent,3,lightgbm,3674,337,False,337,32.01073753768659,19.192963031385545,-13.516200706575004,-0.06940250567229467,8.736924851811224
static_only,Tashkent,4,lightgbm,3674,337,False,337,31.209563897201527,18.924008315931346,-12.976395719545511,-0.01654178855317312,8.335071398398796
static_only,Tashkent,0,cams_debiased_pooled,0,337,False,337,28.62907610305213,20.147136294571673,-2.914665245697751,0.1446093431876413,14.362674625081027
deployable,Almaty,0,lightgbm,4283,345,False,345,22.157333714188553,18.66712387360527,9.300810887411403,-0.011836789991576335,16.194500070670834
deployable,Almaty,1,lightgbm,4283,345,False,345,21.804606627006624,18.228104623144432,9.064586580841379,0.020122059265296866,15.21690229524952
deployable,Almaty,2,lightgbm,4283,345,False,345,22.168929976265737,18.544521875034658,9.178445388037089,-0.01289617693552536,16.33804194014346
deployable,Almaty,3,lightgbm,4283,345,False,345,22.599569313119055,19.15716020994575,9.26836204293694,-0.052630123478084156,17.03932200474548
deployable,Almaty,4,lightgbm,4283,345,False,345,21.391513653906063,17.869500546615583,8.60630899653757,0.05689835795654896,15.755685283001487
deployable,Almaty,0,cams_debiased_pooled,0,345,False,345,23.245090143162837,20.76182214996498,11.106098665359692,-0.1136223490306787,21.078534963078695
deployable,Ashgabat,0,lightgbm,3882,263,False,263,28.005078906473397,19.093134404641663,9.677376601377189,-1.2732120622808236,13.195847221177965
deployable,Ashgabat,1,lightgbm,3882,263,False,263,25.59273868648378,17.360076596804284,7.600081505151897,-0.898453111300128,11.295477015414424
deployable,Ashgabat,2,lightgbm,3882,263,False,263,27.398659787206956,19.136570127847914,10.733734449272806,-1.1758301478323463,12.215308800112805
deployable,Ashgabat,3,lightgbm,3882,263,False,263,26.152676501579485,17.740381441612058,7.985104985350598,-0.982433527917274,11.716173431831622
deployable,Ashgabat,4,lightgbm,3882,263,False,263,25.995098520196198,17.943038586498634,7.709477376911579,-0.9586159460602968,11.996923705880961
deployable,Ashgabat,0,cams_debiased_pooled,0,263,False,263,18.831754385843258,14.085155472733872,6.6013212015566465,-0.02789301061577998,12.558229567079227
deployable,Bishkek,0,lightgbm,3670,334,False,334,19.33334414969635,15.90830159572215,10.967546865420848,-0.4176173165742676,13.96966486093088
deployable,Bishkek,1,lightgbm,3670,334,False,334,19.295089768913204,15.992370044073995,11.01128282118583,-0.41201286238334767,15.026038027046264
deployable,Bishkek,2,lightgbm,3670,334,False,334,19.241423305832004,15.714403663528778,10.299869796314345,-0.4041691721259397,14.258324961908713
deployable,Bishkek,3,lightgbm,3670,334,False,334,19.90831551276983,16.519605869021778,11.31132009913818,-0.5031906850410945,15.007794713283223
deployable,Bishkek,4,lightgbm,3670,334,False,334,19.06714208843657,15.788115678505779,10.788063537901527,-0.37884755024004124,14.406674191321958
deployable,Bishkek,0,cams_debiased_pooled,0,334,False,334,20.028893882570493,17.377185751903486,11.952747134598663,-0.5214545282131502,17.28766869950227
deployable,Dushanbe,0,lightgbm,3775,343,False,343,43.43246152265297,26.27914168173061,-10.606450529668802,-0.14820852771214232,16.225932559632888
deployable,Dushanbe,1,lightgbm,3775,343,False,343,42.62753968297879,25.601480076176514,-10.851016646076252,-0.10604402915525779,15.93085277434579
deployable,Dushanbe,2,lightgbm,3775,343,False,343,43.44952945627667,26.51472042204978,-10.124371094569176,-0.14911114280403304,16.944050974561875
deployable,Dushanbe,3,lightgbm,3775,343,False,343,44.018586582652176,26.431217863115304,-12.452582938698104,-0.1794079958050474,15.986523763740873
deployable,Dushanbe,4,lightgbm,3775,343,False,343,43.31810529342489,26.297887342713906,-10.19041040057941,-0.1421700978183209,16.05166768157804
deployable,Dushanbe,0,cams_debiased_pooled,0,343,False,343,47.95555989277336,29.4882470017659,-27.643886194130275,-0.39981232348674056,16.60831688765886
deployable,Khujand,0,lightgbm,4821,592,True,592,32.48861964836045,20.623643800108393,-5.334839782239274,0.388491723570486,12.169504381220609
deployable,Khujand,1,lightgbm,4821,592,True,592,32.83223206150981,22.066475124647873,-2.867928302381583,0.37548821635023655,14.15822649795092
deployable,Khujand,2,lightgbm,4821,592,True,592,32.53397031463511,20.89526521808714,-4.47695073733834,0.38678333067791815,12.541784768320118
deployable,Khujand,3,lightgbm,4821,592,True,592,33.01956660667748,22.122991278442292,-3.2537723363542677,0.36834119084776795,14.686496623565088
deployable,Khujand,4,lightgbm,4821,592,True,592,33.03314600867479,21.388495844618863,-4.42970916568444,0.36782154061922445,13.100463498223931
deployable,Khujand,0,cams_debiased_pooled,0,592,True,592,39.901334913920735,25.301479407311643,-9.719510731085155,0.07760982012146289,15.112980795315
deployable,Tashkent,0,lightgbm,3674,337,False,337,31.76652221811555,18.937963473379014,-15.696471502596033,-0.05314744497975554,8.2570282166395
deployable,Tashkent,1,lightgbm,3674,337,False,337,30.466561107871293,18.04743349528471,-14.293473424968392,0.031283473724414645,8.398406221403409
deployable,Tashkent,2,lightgbm,3674,337,False,337,32.56610311346393,19.174231023711627,-15.763968355904286,-0.10683127836999295,8.500580013489735
deployable,Tashkent,3,lightgbm,3674,337,False,337,30.331943375673152,17.800021318036148,-13.707930950917556,0.0398251872722758,7.786100317290376
deployable,Tashkent,4,lightgbm,3674,337,False,337,31.457825620530507,18.793424302502196,-14.998746096961648,-0.03277861714813879,8.328678573197923
deployable,Tashkent,0,cams_debiased_pooled,0,337,False,337,28.62907610305213,20.147136294571673,-2.914665245697751,0.1446093431876413,14.362674625081027
retrospective,Almaty,0,lightgbm,4283,345,False,345,27.371976264904376,21.748340967314416,17.001838828357513,-0.5441439286560203,17.438459678572595
retrospective,Almaty,1,lightgbm,4283,345,False,345,26.043122960147517,20.9499567584206,16.05202913021481,-0.3978532855835011,16.652448540054067
retrospective,Almaty,2,lightgbm,4283,345,False,345,24.919291949535026,20.045346508001625,15.024855700184004,-0.27981402516021436,16.06182620293088
retrospective,Almaty,3,lightgbm,4283,345,False,345,24.483802080913186,19.81302486636656,15.151278550301944,-0.23547280154299344,16.23606711470432
retrospective,Almaty,4,lightgbm,4283,345,False,345,24.901160685805333,20.017231111660983,15.377504797014131,-0.27795231867046866,16.312407365855616
retrospective,Almaty,0,cams_debiased_pooled,0,345,False,345,23.245090143162837,20.76182214996498,11.106098665359692,-0.1136223490306787,21.078534963078695
retrospective,Ashgabat,0,lightgbm,3882,263,False,263,26.48360227847716,17.040450614176457,6.988447411472729,-1.0329208256270395,11.354037870632645
retrospective,Ashgabat,1,lightgbm,3882,263,False,263,25.1561878435058,16.90549934458446,7.586531486311923,-0.8342393599608586,11.58991584741594
retrospective,Ashgabat,2,lightgbm,3882,263,False,263,25.282177889692072,16.109043903440906,5.594882316877302,-0.8526582558085323,10.096937330595598
retrospective,Ashgabat,3,lightgbm,3882,263,False,263,26.32930324885386,17.06524583645491,7.141306013594851,-1.0093013850923245,11.080375177596228
retrospective,Ashgabat,4,lightgbm,3882,263,False,263,25.534180973478186,16.769838873032718,6.533598382886681,-0.8897755021492466,11.018651215920134
retrospective,Ashgabat,0,cams_debiased_pooled,0,263,False,263,18.831754385843258,14.085155472733872,6.6013212015566465,-0.02789301061577998,12.558229567079227
retrospective,Bishkek,0,lightgbm,3670,334,False,334,20.881896772464845,18.253785626223134,14.325112942266925,-0.6538074159495162,17.25969336739938
retrospective,Bishkek,1,lightgbm,3670,334,False,334,19.11973525260242,16.18089807647341,11.643557238361582,-0.3864646298083556,14.794096978319043
retrospective,Bishkek,2,lightgbm,3670,334,False,334,21.07594107564845,18.366380577584717,14.387898006374884,-0.6846861184485635,17.473418616225565
retrospective,Bishkek,3,lightgbm,3670,334,False,334,21.128045793159206,18.386287964099253,14.501067013926761,-0.6930263012732458,17.227739054635567
retrospective,Bishkek,4,lightgbm,3670,334,False,334,19.598728714038426,16.610669438434606,12.320592440464782,-0.45680307282743615,15.320369354974805
retrospective,Bishkek,0,cams_debiased_pooled,0,334,False,334,20.028893882570493,17.377185751903486,11.952747134598663,-0.5214545282131502,17.28766869950227
retrospective,Dushanbe,0,lightgbm,3775,343,False,343,43.610239433220286,25.97796647107144,-12.821487758172426,-0.1576274678623386,15.35933837849527
retrospective,Dushanbe,1,lightgbm,3775,343,False,343,43.16523364905338,26.137166046175953,-11.786268399110172,-0.1341227779077978,16.462147147560106
retrospective,Dushanbe,2,lightgbm,3775,343,False,343,43.14715987410593,25.94126562354635,-11.698363682408912,-0.1331732364935465,16.667872113251967
retrospective,Dushanbe,3,lightgbm,3775,343,False,343,42.82692122236215,26.064969802120224,-10.798854680600146,-0.11641481256821318,16.5233145223495
retrospective,Dushanbe,4,lightgbm,3775,343,False,343,42.88442101420496,25.517844816314913,-12.953450860791907,-0.11941464122511736,15.26246004315334
retrospective,Dushanbe,0,cams_debiased_pooled,0,343,False,343,47.95555989277336,29.4882470017659,-27.643886194130275,-0.39981232348674056,16.60831688765886
retrospective,Khujand,0,lightgbm,4821,592,True,592,33.77668913408667,21.368206100241693,-5.460095198374359,0.33904183266633625,12.459993448564429
retrospective,Khujand,1,lightgbm,4821,592,True,592,35.362461147118744,22.741625177946162,-5.715732986320805,0.2755226931125807,13.723449849471374
retrospective,Khujand,2,lightgbm,4821,592,True,592,33.780441874446495,22.01744783296537,-3.9956262857728553,0.3388949537243038,13.741285593954565
retrospective,Khujand,3,lightgbm,4821,592,True,592,33.567320641601576,21.919077864843505,-4.597450083793959,0.3472104794484563,13.553348083180861
retrospective,Khujand,4,lightgbm,4821,592,True,592,33.46759921398363,20.613454834115934,-7.247943739492192,0.3510833180785108,11.182457334753417
retrospective,Khujand,0,cams_debiased_pooled,0,592,True,592,39.901334913920735,25.301479407311643,-9.719510731085155,0.07760982012146289,15.112980795315
retrospective,Tashkent,0,lightgbm,3674,337,False,337,28.026638076389272,16.625594916423537,-9.984077594924107,0.18023032880215617,8.085759797069555
retrospective,Tashkent,1,lightgbm,3674,337,False,337,29.020225105351557,17.109185623932497,-10.63192160171845,0.12107586549022575,8.186276357665356
retrospective,Tashkent,2,lightgbm,3674,337,False,337,27.146873018083486,15.996351755201742,-9.124629449277123,0.2308882270708824,7.800046937572606
retrospective,Tashkent,3,lightgbm,3674,337,False,337,28.57687960160973,16.969562646884683,-10.902430919407893,0.1477255945143633,7.734573990064659
retrospective,Tashkent,4,lightgbm,3674,337,False,337,28.56520943497215,16.77158024027281,-10.516497371296808,0.14842155247552347,8.37862983376619
retrospective,Tashkent,0,cams_debiased_pooled,0,337,False,337,28.62907610305213,20.147136294571673,-2.914665245697751,0.1446093431876413,14.362674625081027
