task,tier,held_out_city,seed,model,params,val_rmse,zero_shot,n,rmse,mae,bias,r2,median_ae
N,static_only,Almaty,0,lgbm_tuned,"(0.03, 31, 40, 0.7)",39.87848023673814,False,345,16.575828321332565,10.155824870113458,-5.726264913021748,0.4337268775655806,4.417508089160577
N,static_only,Almaty,1,lgbm_tuned,"(0.03, 31, 40, 0.7)",39.87848023673814,False,345,15.917347359567207,10.022330692665806,-5.638689098152073,0.477824060918548,4.944450085630653
N,static_only,Almaty,2,lgbm_tuned,"(0.03, 31, 40, 0.7)",39.87848023673814,False,345,15.832118997051369,9.704714511334796,-4.681581792101288,0.4834010018323428,4.246133325676725
N,static_only,Almaty,3,lgbm_tuned,"(0.03, 31, 40, 0.7)",39.87848023673814,False,345,15.904128932659235,9.840671770135152,-5.040093537631879,0.47869097402047434,4.49783692705604
N,static_only,Almaty,4,lgbm_tuned,"(0.03, 31, 40, 0.7)",39.87848023673814,False,345,15.92096918288236,9.875055262365493,-4.0600662669778735,0.4775864027067137,4.385851541087921
N,static_only,Almaty,0,cams_debiased_pooled,,,False,345,23.245090143162837,20.76182214996498,11.106098665359692,-0.1136223490306787,21.078534963078695
N,static_only,Ashgabat,0,lgbm_tuned,"(0.03, 31, 40, 0.7)",38.988734591297366,False,263,24.224620718303292,16.725087513438567,6.516162967716655,-0.7009060374654905,11.496793080742194
N,static_only,Ashgabat,1,lgbm_tuned,"(0.03, 31, 40, 0.7)",38.988734591297366,False,263,23.739656922369495,16.8574867849053,8.249092914713694,-0.6334852878150263,12.526213115315247
N,static_only,Ashgabat,2,lgbm_tuned,"(0.03, 31, 40, 0.7)",38.988734591297366,False,263,24.15405598154276,16.933473719190683,7.371945184022668,-0.6910112137514168,12.023070360160576
N,static_only,Ashgabat,3,lgbm_tuned,"(0.03, 31, 40, 0.7)",38.988734591297366,False,263,24.096035896013753,16.980732874407735,7.682689534060266,-0.6828970669657242,12.103392438758355
N,static_only,Ashgabat,4,lgbm_tuned,"(0.03, 31, 40, 0.7)",38.988734591297366,False,263,23.995792957118006,17.790946847248655,10.090957776184506,-0.6689240098543145,14.049208292443526
N,static_only,Ashgabat,0,cams_debiased_pooled,,,False,263,18.831754385843258,14.085155472733872,6.6013212015566465,-0.02789301061577998,12.558229567079227
N,static_only,Bishkek,0,lgbm_tuned,"(0.03, 31, 40, 0.7)",37.96436557295535,False,334,22.03046413723617,19.16417109479602,16.925084533996262,-0.8407395340275285,15.743685073901203
N,static_only,Bishkek,1,lgbm_tuned,"(0.03, 31, 40, 0.7)",37.96436557295535,False,334,22.262228468557964,19.407550068242838,17.15834157053071,-0.8796730591034858,15.933475518531846
N,static_only,Bishkek,2,lgbm_tuned,"(0.03, 31, 40, 0.7)",37.96436557295535,False,334,22.36638510509362,19.363166029977588,17.010649884519786,-0.8973027780303997,16.00470599525228
N,static_only,Bishkek,3,lgbm_tuned,"(0.03, 31, 40, 0.7)",37.96436557295535,False,334,21.622814693127822,18.74947313199122,16.463891757047808,-0.7732480822968497,15.16727332251909
N,static_only,Bishkek,4,lgbm_tuned,"(0.03, 31, 40, 0.7)",37.96436557295535,False,334,22.149653621850103,19.17716193323754,16.809616402572633,-0.8607109959635881,15.429423754922631
N,static_only,Bishkek,0,cams_debiased_pooled,,,False,334,20.028893882570493,17.377185751903486,11.952747134598663,-0.5214545282131502,17.28766869950227
N,static_only,Dushanbe,0,lgbm_tuned,"(0.03, 31, 40, 0.7)",29.77183258958812,False,343,42.923438986917326,24.567080626800937,-18.170788222441274,-0.1214525449006294,11.869845873735947
N,static_only,Dushanbe,1,lgbm_tuned,"(0.03, 31, 40, 0.7)",29.77183258958812,False,343,43.880966061270236,25.32016915930574,-19.193356766038967,-0.1720448780752719,11.744745265473206
N,static_only,Dushanbe,2,lgbm_tuned,"(0.03, 31, 40, 0.7)",29.77183258958812,False,343,43.661928934413545,25.260148945950878,-18.85084667788645,-0.1603732747412312,12.518846332250124
N,static_only,Dushanbe,3,lgbm_tuned,"(0.03, 31, 40, 0.7)",29.77183258958812,False,343,44.10672952559089,25.383462045798897,-19.34865882230803,-0.1841360246283985,12.314098438942304
N,static_only,Dushanbe,4,lgbm_tuned,"(0.03, 31, 40, 0.7)",29.77183258958812,False,343,44.3218033670178,25.764750650586596,-19.86127243642266,-0.19571238113042133,12.206622024013711
N,static_only,Dushanbe,0,cams_debiased_pooled,,,False,343,47.95555989277336,29.4882470017659,-27.643886194130275,-0.39981232348674056,16.60831688765886
N,static_only,Khujand,0,lgbm_tuned,"(0.03, 31, 20, 0.7)",36.66523079499151,True,592,35.025223306293896,21.38490714119753,-7.886220628159823,0.2892749127004619,11.457429043665314
N,static_only,Khujand,1,lgbm_tuned,"(0.03, 31, 20, 0.7)",36.66523079499151,True,592,35.270477169379404,21.115977861539605,-8.29098707346553,0.2792867768746956,10.986004889490411
N,static_only,Khujand,2,lgbm_tuned,"(0.03, 31, 20, 0.7)",36.66523079499151,True,592,35.74163825186418,21.484550728689268,-9.249007277053785,0.25990285364923094,11.443168695192838
N,static_only,Khujand,3,lgbm_tuned,"(0.03, 31, 20, 0.7)",36.66523079499151,True,592,35.79091918108387,21.24753419834552,-9.4479550566792,0.2578605399045233,10.661772492466053
N,static_only,Khujand,4,lgbm_tuned,"(0.03, 31, 20, 0.7)",36.66523079499151,True,592,36.57922560965195,21.331172218112407,-11.17108470822695,0.2248087997669045,10.279385939497343
N,static_only,Khujand,0,cams_debiased_pooled,,,True,592,39.901334913920735,25.301479407311643,-9.719510731085155,0.07760982012146289,15.112980795315
N,static_only,Tashkent,0,lgbm_tuned,"(0.03, 31, 20, 0.7)",38.36574796613395,False,337,29.560285883446657,17.168641206022563,-13.335955486496804,0.088058255771014,7.137496153474004
N,static_only,Tashkent,1,lgbm_tuned,"(0.03, 31, 20, 0.7)",38.36574796613395,False,337,30.534980417414772,17.79714151341525,-13.788339692210485,0.02692765965542998,7.312584908808617
N,static_only,Tashkent,2,lgbm_tuned,"(0.03, 31, 20, 0.7)",38.36574796613395,False,337,30.10346412728208,17.493220612493317,-13.820371317737393,0.05423598599898616,7.1830257698430735
N,static_only,Tashkent,3,lgbm_tuned,"(0.03, 31, 20, 0.7)",38.36574796613395,False,337,30.49758501300049,17.86889856580225,-13.030254126869716,0.029309593503458742,7.775515187308688
N,static_only,Tashkent,4,lgbm_tuned,"(0.03, 31, 20, 0.7)",38.36574796613395,False,337,30.22846110581967,17.733111850115197,-13.028902316662213,0.04636559088370673,7.517110173053128
N,static_only,Tashkent,0,cams_debiased_pooled,,,False,337,28.62907610305213,20.147136294571673,-2.914665245697751,0.1446093431876413,14.362674625081027
N,deployable,Almaty,0,lgbm_tuned,"(0.03, 63, 20, 0.9)",37.697874169523004,False,345,17.181908689023526,10.433931002064252,2.9623744981936895,0.39155926522041107,4.649424187523744
N,deployable,Almaty,1,lgbm_tuned,"(0.03, 63, 20, 0.9)",37.697874169523004,False,345,20.688421836711136,11.859477021487573,5.3682381478025345,0.11787486988979345,4.857621787128972
N,deployable,Almaty,2,lgbm_tuned,"(0.03, 63, 20, 0.9)",37.697874169523004,False,345,20.46507809920536,11.72702056270834,5.703964281741749,0.1368181867773911,4.854735523581116
N,deployable,Almaty,3,lgbm_tuned,"(0.03, 63, 20, 0.9)",37.697874169523004,False,345,19.28344163245754,11.265933690897404,4.624394295016647,0.23361929155896088,4.806846399247361
N,deployable,Almaty,4,lgbm_tuned,"(0.03, 63, 20, 0.9)",37.697874169523004,False,345,16.885950744053616,10.188224035599301,2.3944786241227334,0.41233949370476075,4.55912641068844
N,deployable,Almaty,0,cams_debiased_pooled,,,False,345,23.245090143162837,20.76182214996498,11.106098665359692,-0.1136223490306787,21.078534963078695
N,deployable,Ashgabat,0,lgbm_tuned,"(0.03, 31, 20, 0.7)",35.839045382653495,False,263,23.496642991936117,14.930179052610276,2.6778807333703885,-0.6002137103874858,8.852761894531067
N,deployable,Ashgabat,1,lgbm_tuned,"(0.03, 31, 20, 0.7)",35.839045382653495,False,263,23.778748477389666,15.399632021833602,4.320378789447801,-0.6388693634904334,9.724526083713432
N,deployable,Ashgabat,2,lgbm_tuned,"(0.03, 31, 20, 0.7)",35.839045382653495,False,263,23.67662722366494,14.967087983733995,2.5325170966688515,-0.6248228705749965,9.00850807697367
N,deployable,Ashgabat,3,lgbm_tuned,"(0.03, 31, 20, 0.7)",35.839045382653495,False,263,22.511471567223484,14.280906323455568,1.5732460161527373,-0.4688387515464485,8.613719861798149
N,deployable,Ashgabat,4,lgbm_tuned,"(0.03, 31, 20, 0.7)",35.839045382653495,False,263,23.032816023727424,14.603633160181868,1.567435123870606,-0.5376603925299428,8.591539040376084
N,deployable,Ashgabat,0,cams_debiased_pooled,,,False,263,18.831754385843258,14.085155472733872,6.6013212015566465,-0.02789301061577998,12.558229567079227
N,deployable,Bishkek,0,lgbm_tuned,"(0.03, 31, 40, 0.9)",36.17457677519829,False,334,18.75379219929116,15.027453778605986,11.555394489137369,-0.3338999153586384,11.653107438797619
N,deployable,Bishkek,1,lgbm_tuned,"(0.03, 31, 40, 0.9)",36.17457677519829,False,334,18.581917838814505,14.957222613553697,11.521427644244232,-0.3095621580439931,11.583156809685338
N,deployable,Bishkek,2,lgbm_tuned,"(0.03, 31, 40, 0.9)",36.17457677519829,False,334,18.619216474804126,15.227876912998555,11.733540232031851,-0.31482468311968437,11.900488335281839
N,deployable,Bishkek,3,lgbm_tuned,"(0.03, 31, 40, 0.9)",36.17457677519829,False,334,18.395382119272416,15.061920017635043,11.533114069225253,-0.2834018864208998,12.162913943076417
N,deployable,Bishkek,4,lgbm_tuned,"(0.03, 31, 40, 0.9)",36.17457677519829,False,334,18.962400768305947,15.509493420933532,12.231745327942425,-0.3637403427457129,12.022186341898788
N,deployable,Bishkek,0,cams_debiased_pooled,,,False,334,20.028893882570493,17.377185751903486,11.952747134598663,-0.5214545282131502,17.28766869950227
N,deployable,Dushanbe,0,lgbm_tuned,"(0.03, 31, 20, 0.9)",26.80584228803269,False,343,46.27704721568451,27.653543678749372,-24.50551329254506,-0.3035363955204886,13.686890146316369
N,deployable,Dushanbe,1,lgbm_tuned,"(0.03, 31, 20, 0.9)",26.80584228803269,False,343,47.653955123859504,28.57735936601661,-25.870438095613647,-0.3822601379770192,14.391943494937529
N,deployable,Dushanbe,2,lgbm_tuned,"(0.03, 31, 20, 0.9)",26.80584228803269,False,343,47.49910811576981,28.630021544485782,-26.219350849079305,-0.3732916862821083,14.393196097959592
N,deployable,Dushanbe,3,lgbm_tuned,"(0.03, 31, 20, 0.9)",26.80584228803269,False,343,47.20657726324799,28.19877828194087,-25.42318568272496,-0.3564285011050814,13.923214973442402
N,deployable,Dushanbe,4,lgbm_tuned,"(0.03, 31, 20, 0.9)",26.80584228803269,False,343,46.00165054218925,27.284531951148647,-24.11965225237577,-0.2880677592309653,12.843371482714058
N,deployable,Dushanbe,0,cams_debiased_pooled,,,False,343,47.95555989277336,29.4882470017659,-27.643886194130275,-0.39981232348674056,16.60831688765886
N,deployable,Khujand,0,lgbm_tuned,"(0.03, 31, 20, 0.7)",33.981014107960476,True,592,35.206592175103566,20.32345020738007,-10.827176688220328,0.2818952509002699,9.229252755576459
N,deployable,Khujand,1,lgbm_tuned,"(0.03, 31, 20, 0.7)",33.981014107960476,True,592,36.07242783283361,20.6075218542403,-12.377089596948128,0.24614023238081262,8.844256322391711
N,deployable,Khujand,2,lgbm_tuned,"(0.03, 31, 20, 0.7)",33.981014107960476,True,592,34.95383288329066,20.337305663111696,-9.980437572966258,0.29216924143271683,9.654796360763498
N,deployable,Khujand,3,lgbm_tuned,"(0.03, 31, 20, 0.7)",33.981014107960476,True,592,35.27325036012596,20.235345497031958,-11.304613181228794,0.2791734382427281,8.92533579168739
N,deployable,Khujand,4,lgbm_tuned,"(0.03, 31, 20, 0.7)",33.981014107960476,True,592,34.531877678354256,20.22488360388541,-9.573562382580036,0.309155654122776,9.898663882222284
N,deployable,Khujand,0,cams_debiased_pooled,,,True,592,39.901334913920735,25.301479407311643,-9.719510731085155,0.07760982012146289,15.112980795315
N,deployable,Tashkent,0,lgbm_tuned,"(0.03, 63, 40, 0.7)",35.589581519260896,False,337,28.044955662946144,16.575066474576698,-11.477538856495167,0.1791584122208295,7.939617177980484
N,deployable,Tashkent,1,lgbm_tuned,"(0.03, 63, 40, 0.7)",35.589581519260896,False,337,28.410984229877606,16.937522097429117,-11.394035924475592,0.15759217093687627,8.166961288208617
N,deployable,Tashkent,2,lgbm_tuned,"(0.03, 63, 40, 0.7)",35.589581519260896,False,337,28.791960433517946,16.974359943745483,-12.02776661791344,0.13484821151585702,7.821176108628157
N,deployable,Tashkent,3,lgbm_tuned,"(0.03, 63, 40, 0.7)",35.589581519260896,False,337,28.162652287273584,16.754794520415295,-11.68632398233287,0.17225428244003782,7.801035425057325
N,deployable,Tashkent,4,lgbm_tuned,"(0.03, 63, 40, 0.7)",35.589581519260896,False,337,28.480099222550457,16.768075305719957,-11.980581686215881,0.153488558784464,7.906016579449915
N,deployable,Tashkent,0,cams_debiased_pooled,,,False,337,28.62907610305213,20.147136294571673,-2.914665245697751,0.1446093431876413,14.362674625081027
N,retrospective,Almaty,0,lgbm_tuned,"(0.03, 31, 40, 0.9)",35.84436754355016,False,345,14.710656556469166,9.315616858780356,4.4818690218862836,0.5539951500525289,4.3183085794630465
N,retrospective,Almaty,1,lgbm_tuned,"(0.03, 31, 40, 0.9)",35.84436754355016,False,345,13.78080522645806,8.703358983127917,3.0735415244047815,0.6085965423495698,4.557072984523639
N,retrospective,Almaty,2,lgbm_tuned,"(0.03, 31, 40, 0.9)",35.84436754355016,False,345,15.913208722254607,9.644001233183086,5.140149328432016,0.4780955654381396,4.245562748459115
N,retrospective,Almaty,3,lgbm_tuned,"(0.03, 31, 40, 0.9)",35.84436754355016,False,345,17.18819871574317,10.464774221319951,6.248469813330559,0.3911137024985396,4.6092580815472255
N,retrospective,Almaty,4,lgbm_tuned,"(0.03, 31, 40, 0.9)",35.84436754355016,False,345,16.04259569156382,10.07302465116775,5.743538299481568,0.46957407102862714,4.512736168306984
N,retrospective,Almaty,0,cams_debiased_pooled,,,False,345,23.245090143162837,20.76182214996498,11.106098665359692,-0.1136223490306787,21.078534963078695
N,retrospective,Ashgabat,0,lgbm_tuned,"(0.03, 63, 20, 0.9)",33.81024145209864,False,263,20.953312371155597,13.63320191075299,2.1483824192632683,-0.27254082926980727,8.89439562659858
N,retrospective,Ashgabat,1,lgbm_tuned,"(0.03, 63, 20, 0.9)",33.81024145209864,False,263,21.079387093403135,13.908420658644966,1.7754347040875913,-0.2879004910686309,9.05047892719668
N,retrospective,Ashgabat,2,lgbm_tuned,"(0.03, 63, 20, 0.9)",33.81024145209864,False,263,20.771889488391015,13.641661854770442,2.6170875081541674,-0.2505998068891433,9.542218276317392
N,retrospective,Ashgabat,3,lgbm_tuned,"(0.03, 63, 20, 0.9)",33.81024145209864,False,263,20.609023137588213,13.474002593295035,1.9092895741577258,-0.23106551014976673,8.802964866552806
N,retrospective,Ashgabat,4,lgbm_tuned,"(0.03, 63, 20, 0.9)",33.81024145209864,False,263,20.652113203120585,13.649238306127813,2.1792200116234413,-0.23621880141373786,9.372519709095563
N,retrospective,Ashgabat,0,cams_debiased_pooled,,,False,263,18.831754385843258,14.085155472733872,6.6013212015566465,-0.02789301061577998,12.558229567079227
N,retrospective,Bishkek,0,lgbm_tuned,"(0.03, 31, 20, 0.7)",35.154492959137094,False,334,20.25411829351805,17.610979579775474,14.313407685739717,-0.5558643515815458,14.887498466290218
N,retrospective,Bishkek,1,lgbm_tuned,"(0.03, 31, 20, 0.7)",35.154492959137094,False,334,20.43851534398739,17.741080968582164,14.721274378567664,-0.5843230356479638,15.579194999704697
N,retrospective,Bishkek,2,lgbm_tuned,"(0.03, 31, 20, 0.7)",35.154492959137094,False,334,19.68634503848311,16.998206910248577,13.649375758873008,-0.4698574948699914,14.752256791780544
N,retrospective,Bishkek,3,lgbm_tuned,"(0.03, 31, 20, 0.7)",35.154492959137094,False,334,20.750542435382926,18.097958252322062,15.082543762342826,-0.633066815774564,15.57530384985192
N,retrospective,Bishkek,4,lgbm_tuned,"(0.03, 31, 20, 0.7)",35.154492959137094,False,334,20.21732758347501,17.280321241866,14.217842239126762,-0.5502171676160452,13.994440356480775
N,retrospective,Bishkek,0,cams_debiased_pooled,,,False,334,20.028893882570493,17.377185751903486,11.952747134598663,-0.5214545282131502,17.28766869950227
N,retrospective,Dushanbe,0,lgbm_tuned,"(0.03, 31, 20, 0.9)",22.262820070183373,False,343,46.33941213355316,27.813745845569088,-24.075763449892666,-0.30705216514712586,13.478378075056003
N,retrospective,Dushanbe,1,lgbm_tuned,"(0.03, 31, 20, 0.9)",22.262820070183373,False,343,46.508176815995135,27.915151739518315,-24.835169878596407,-0.3165898743709685,13.727027462101827
N,retrospective,Dushanbe,2,lgbm_tuned,"(0.03, 31, 20, 0.9)",22.262820070183373,False,343,46.57741364625226,27.960214898167248,-24.606992353863664,-0.320512813017402,14.03828748050227
N,retrospective,Dushanbe,3,lgbm_tuned,"(0.03, 31, 20, 0.9)",22.262820070183373,False,343,48.29115951482473,29.58081809204412,-27.06501469776778,-0.41947303720090856,16.47299974273823
N,retrospective,Dushanbe,4,lgbm_tuned,"(0.03, 31, 20, 0.9)",22.262820070183373,False,343,47.08040492976005,28.345892352055596,-25.79746329454768,-0.3491873476410836,14.354609893196233
N,retrospective,Dushanbe,0,cams_debiased_pooled,,,False,343,47.95555989277336,29.4882470017659,-27.643886194130275,-0.39981232348674056,16.60831688765886
N,retrospective,Khujand,0,lgbm_tuned,"(0.03, 31, 20, 0.7)",31.756771923347166,True,592,38.931031466168704,22.278058690276083,-14.834285574558887,0.1219249429853777,9.638145150793967
N,retrospective,Khujand,1,lgbm_tuned,"(0.03, 31, 20, 0.7)",31.756771923347166,True,592,38.855289280405145,22.400391283485963,-14.25683315752529,0.12533829346640868,9.601638425593478
N,retrospective,Khujand,2,lgbm_tuned,"(0.03, 31, 20, 0.7)",31.756771923347166,True,592,38.74828569504523,22.28482823978103,-13.92096382798489,0.13014912199874706,9.989586452396376
N,retrospective,Khujand,3,lgbm_tuned,"(0.03, 31, 20, 0.7)",31.756771923347166,True,592,38.94236606511968,22.348971469488724,-14.51066482585633,0.12141357315635914,9.776652339470093
N,retrospective,Khujand,4,lgbm_tuned,"(0.03, 31, 20, 0.7)",31.756771923347166,True,592,38.6762028773424,22.198751717198018,-14.20609414439342,0.13338245116558956,9.451718397827516
N,retrospective,Khujand,0,cams_debiased_pooled,,,True,592,39.901334913920735,25.301479407311643,-9.719510731085155,0.07760982012146289,15.112980795315
N,retrospective,Tashkent,0,lgbm_tuned,"(0.08, 31, 40, 0.7)",33.577271596659344,False,337,26.643742752395404,15.80921762372312,-8.835564479417048,0.2591329159442042,7.985532197521062
N,retrospective,Tashkent,1,lgbm_tuned,"(0.08, 31, 40, 0.7)",33.577271596659344,False,337,25.444201523458453,15.23706679873831,-7.8267775145659515,0.3243411191488229,7.545659517932759
N,retrospective,Tashkent,2,lgbm_tuned,"(0.08, 31, 40, 0.7)",33.577271596659344,False,337,25.22151984643075,15.48024343062942,-6.320293639890569,0.3361157838814519,7.830656893169822
N,retrospective,Tashkent,3,lgbm_tuned,"(0.08, 31, 40, 0.7)",33.577271596659344,False,337,25.736872091482326,15.577391395811949,-7.555537577842429,0.30870826491235825,7.8280888767213685
N,retrospective,Tashkent,4,lgbm_tuned,"(0.08, 31, 40, 0.7)",33.577271596659344,False,337,25.192907030109726,14.746559338167572,-7.069547078348101,0.3376212302124538,6.845064193203266
N,retrospective,Tashkent,0,cams_debiased_pooled,,,False,337,28.62907610305213,20.147136294571673,-2.914665245697751,0.1446093431876413,14.362674625081027
F,static_only,ALL,0,lgbm_tuned_lags,"(0.03, 63, 20, 0.9)",31.878854693852578,False,2214,21.987129729608696,12.570573593412124,-2.859799740964945,0.5782703237554399,5.849646100086225
F,static_only,ALL,1,lgbm_tuned_lags,"(0.03, 63, 20, 0.9)",31.878854693852578,False,2214,22.05590254642969,12.686338863125355,-2.961469836681494,0.5756279690931018,5.997841862609453
F,static_only,ALL,2,lgbm_tuned_lags,"(0.03, 63, 20, 0.9)",31.878854693852578,False,2214,21.91245574895505,12.625374675665967,-3.0185193889233863,0.5811300654484437,5.887293664914916
F,static_only,ALL,3,lgbm_tuned_lags,"(0.03, 63, 20, 0.9)",31.878854693852578,False,2214,22.05150484626797,12.644967908629122,-2.9368492608827954,0.5757971822902714,5.996681288450766
F,static_only,ALL,4,lgbm_tuned_lags,"(0.03, 63, 20, 0.9)",31.878854693852578,False,2214,22.167995678084896,12.714184965613788,-3.1289010205962806,0.5713034968959657,5.866085681397312
F,deployable,ALL,0,lgbm_tuned_lags,"(0.08, 63, 20, 0.7)",31.186766971616397,False,2214,21.238617983530297,12.16597720813637,-4.157861134125752,0.6064956011668434,5.742974725671438
F,deployable,ALL,1,lgbm_tuned_lags,"(0.08, 63, 20, 0.7)",31.186766971616397,False,2214,21.696530670942238,12.493452642499244,-4.161427689573896,0.5893444714190568,5.879343493866532
F,deployable,ALL,2,lgbm_tuned_lags,"(0.08, 63, 20, 0.7)",31.186766971616397,False,2214,21.565671803225598,12.342581547130058,-3.7472146212200115,0.5942831284635633,5.888149333361539
F,deployable,ALL,3,lgbm_tuned_lags,"(0.08, 63, 20, 0.7)",31.186766971616397,False,2214,21.692323461273492,12.423394681937516,-3.8376089145239454,0.5895037177450855,5.739017237524582
F,deployable,ALL,4,lgbm_tuned_lags,"(0.08, 63, 20, 0.7)",31.186766971616397,False,2214,21.684502056576523,12.50593538424881,-4.036637136147083,0.5897996822356559,5.822329011361713
F,retrospective,ALL,0,lgbm_tuned_lags,"(0.08, 31, 20, 0.7)",28.95347152243083,False,2214,21.808572817150395,12.184615300667511,-3.8331800885656975,0.5850922221992578,5.574068472474121
F,retrospective,ALL,1,lgbm_tuned_lags,"(0.08, 31, 20, 0.7)",28.95347152243083,False,2214,21.603493069564998,12.198335139191263,-3.847210079512997,0.5928588110047435,5.639112041378274
F,retrospective,ALL,2,lgbm_tuned_lags,"(0.08, 31, 20, 0.7)",28.95347152243083,False,2214,21.533182856893344,12.123503515154153,-3.4842850597646513,0.5955046424401371,5.599689261002603
F,retrospective,ALL,3,lgbm_tuned_lags,"(0.08, 31, 20, 0.7)",28.95347152243083,False,2214,21.629395802573235,12.173724235762823,-3.742330642732626,0.5918818956619105,5.769276602975431
F,retrospective,ALL,4,lgbm_tuned_lags,"(0.08, 31, 20, 0.7)",28.95347152243083,False,2214,21.127956191114176,11.990639001315788,-3.472384401208592,0.6105855524290504,5.681679985501274
