task,station_id,horizon_h,model,n,rmse,mae,bias,r2,median_ae,f1_exceed,precision,recall,n_days,n_exceed_obs,city
F,8876,24,persistence,8162,26.74002457892933,15.117618230825778,-0.1778975741239892,0.1827850810292796,7.0,0.8469055374592832,0.8496732026143791,0.8441558441558441,338,154,Almaty
F,8876,24,diurnal_persistence,8162,26.74002457892933,15.117618230825778,-0.1778975741239892,0.1827850810292796,7.0,0.8469055374592832,0.8496732026143791,0.8441558441558441,338,154,Almaty
F,8876,24,same_hour_mean_7d,8283,22.717941064781527,13.278020098538025,-0.324719879500756,0.4061514749257611,6.2857142857142865,0.8510638297872339,0.8187134502923976,0.8860759493670886,344,158,Almaty
F,8876,24,climatology_mean,8307,25.931408888485016,16.423237288469895,8.036101041824768,0.2243619228124606,7.8125,0.8241469816272965,0.7072072072072072,0.9874213836477987,345,159,Almaty
F,8876,48,persistence,8098,29.544732317379463,17.009508520622376,0.040380340824895035,-0.0034782074563926013,8.0,0.803921568627451,0.8092105263157895,0.7987012987012987,337,154,Almaty
F,8876,48,diurnal_persistence,8098,29.544732317379463,17.009508520622376,0.040380340824895035,-0.0034782074563926013,8.0,0.803921568627451,0.8092105263157895,0.7987012987012987,337,154,Almaty
F,8876,48,same_hour_mean_7d,8259,23.35816635392277,13.653149234024644,-0.5135272343590542,0.37371273624968226,6.428571428571429,0.8536585365853657,0.8235294117647058,0.8860759493670886,343,158,Almaty
F,8876,48,climatology_mean,8307,25.931408888485016,16.423237288469895,8.036101041824768,0.2243619228124606,7.8125,0.8241469816272965,0.7072072072072072,0.9874213836477987,345,159,Almaty
F,8876,72,persistence,8069,29.699233849762148,17.057256165571943,-0.1830462262981782,-0.030115790991700253,8.0,0.7814569536423841,0.7866666666666666,0.7763157894736842,335,152,Almaty
F,8876,72,diurnal_persistence,8069,29.699233849762148,17.057256165571943,-0.1830462262981782,-0.030115790991700253,8.0,0.7814569536423841,0.7866666666666666,0.7763157894736842,335,152,Almaty
F,8876,72,same_hour_mean_7d,8236,23.39671940856612,13.60857414602558,-0.7147115451328662,0.37275027687824847,6.2857142857142865,0.8623853211009175,0.834319526627219,0.8924050632911392,342,158,Almaty
F,8876,72,climatology_mean,8307,25.931408888485016,16.423237288469895,8.036101041824768,0.2243619228124606,7.8125,0.8241469816272965,0.7072072072072072,0.9874213836477987,345,159,Almaty
F,9769,24,persistence,6166,54.303045876238954,27.470807654881607,-0.26970483295491404,0.015128939748237369,12.0,0.9244444444444444,0.9244444444444444,0.9244444444444444,262,225,Dushanbe
F,9769,24,diurnal_persistence,6166,54.303045876238954,27.470807654881607,-0.26970483295491404,0.015128939748237369,12.0,0.9244444444444444,0.9244444444444444,0.9244444444444444,262,225,Dushanbe
F,9769,24,same_hour_mean_7d,6291,46.388588942482905,24.9835645782713,-0.6125190180984171,0.2759363696640571,12.285714285714292,0.931106471816284,0.8849206349206349,0.9823788546255506,264,227,Dushanbe
F,9769,24,climatology_mean,6344,49.17560540088886,30.68996654066816,6.135099618304107,0.1827138119074534,21.684571016582552,0.923076923076923,0.8571428571428571,1.0,266,228,Dushanbe
F,9769,48,persistence,6092,58.73153165245175,29.88263296126067,-0.18204202232435981,-0.14772368659101565,12.0,0.9099099099099099,0.9099099099099099,0.9099099099099099,259,222,Dushanbe
F,9769,48,diurnal_persistence,6092,58.73153165245175,29.88263296126067,-0.18204202232435981,-0.14772368659101565,12.0,0.9099099099099099,0.9099099099099099,0.9099099099099099,259,222,Dushanbe
F,9769,48,same_hour_mean_7d,6241,48.55783453032911,26.540665796842692,-0.9933084594196596,0.21021222579651377,13.166666666666666,0.9263157894736842,0.88,0.9777777777777777,262,225,Dushanbe
F,9769,48,climatology_mean,6344,49.17560540088886,30.68996654066816,6.135099618304107,0.1827138119074534,21.684571016582552,0.923076923076923,0.8571428571428571,1.0,266,228,Dushanbe
F,9769,72,persistence,6030,59.016206279702736,31.00978441127695,0.00912106135986733,-0.15712606181498345,14.0,0.8995433789954339,0.9036697247706422,0.8954545454545455,256,220,Dushanbe
F,9769,72,diurnal_persistence,6030,59.016206279702736,31.00978441127695,0.00912106135986733,-0.15712606181498345,14.0,0.8995433789954339,0.9036697247706422,0.8954545454545455,256,220,Dushanbe
F,9769,72,same_hour_mean_7d,6199,50.069177774074745,27.725318599774155,-1.3398301569377546,0.16258473318331346,13.857142857142858,0.9279661016949152,0.8830645161290323,0.9776785714285714,260,224,Dushanbe
F,9769,72,climatology_mean,6344,49.17560540088886,30.68996654066816,6.135099618304107,0.1827138119074534,21.684571016582552,0.923076923076923,0.8571428571428571,1.0,266,228,Dushanbe
F,8684,24,persistence,8143,50.485417248778376,27.66081296819354,0.16406729706496379,0.015457553072712016,13.0,0.934673366834171,0.9331103678929766,0.9362416107382551,338,298,Dushanbe
F,8684,24,diurnal_persistence,8143,50.485417248778376,27.66081296819354,0.16406729706496379,0.015457553072712016,13.0,0.934673366834171,0.9331103678929766,0.9362416107382551,338,298,Dushanbe
F,8684,24,same_hour_mean_7d,8248,43.4163498808471,25.190658052745828,-0.024421504780379234,0.2686511989813499,13.857142857142858,0.9402515723270439,0.8952095808383234,0.9900662251655629,342,302,Dushanbe
F,8684,24,climatology_mean,8272,44.768482319787566,28.045846300452205,3.0554349388623265,0.22099457024009383,19.509090909090908,0.9380804953560371,0.8833819241982507,1.0,343,303,Dushanbe
F,8684,48,persistence,8087,55.2483147518837,30.574625942871275,0.15469271670582416,-0.1745209031068422,14.0,0.9238578680203045,0.9222972972972973,0.9254237288135593,335,295,Dushanbe
F,8684,48,diurnal_persistence,8087,55.2483147518837,30.574625942871275,0.15469271670582416,-0.1745209031068422,14.0,0.9238578680203045,0.9222972972972973,0.9254237288135593,335,295,Dushanbe
F,8684,48,same_hour_mean_7d,8224,45.48187904066686,26.685713706688897,-0.17704048545488238,0.1990031238756591,14.857142857142858,0.9369085173501577,0.8918918918918919,0.9867109634551495,341,301,Dushanbe
F,8684,48,climatology_mean,8272,44.768482319787566,28.045846300452205,3.0554349388623265,0.22099457024009383,19.509090909090908,0.9380804953560371,0.8833819241982507,1.0,343,303,Dushanbe
F,8684,72,persistence,8037,55.0098105652961,30.811123553564762,0.20368296628095062,-0.1637238456168717,15.0,0.9215017064846417,0.9215017064846417,0.9215017064846417,333,293,Dushanbe
F,8684,72,diurnal_persistence,8037,55.0098105652961,30.811123553564762,0.20368296628095062,-0.1637238456168717,15.0,0.9215017064846417,0.9215017064846417,0.9215017064846417,333,293,Dushanbe
F,8684,72,same_hour_mean_7d,8200,46.798277915759044,27.6775699767712,-0.3709294425087109,0.15280851953357444,15.535714285714285,0.9335443037974682,0.8885542168674698,0.9833333333333333,340,300,Dushanbe
F,8684,72,climatology_mean,8272,44.768482319787566,28.045846300452205,3.0554349388623265,0.22099457024009383,19.509090909090908,0.9380804953560371,0.8833819241982507,1.0,343,303,Dushanbe
F,8881,24,persistence,7492,38.3255298200175,22.25734116390817,-0.3200747463961559,0.09346063979827846,11.0,0.8977777777777778,0.9017857142857143,0.8938053097345132,327,226,Tashkent
F,8881,24,diurnal_persistence,7492,38.3255298200175,22.25734116390817,-0.3200747463961559,0.09346063979827846,11.0,0.8977777777777778,0.9017857142857143,0.8938053097345132,327,226,Tashkent
F,8881,24,same_hour_mean_7d,7879,35.90316078153065,21.561973358959015,0.6441822445439656,0.20434169561212212,11.571428571428573,0.8498942917547568,0.8305785123966942,0.8701298701298701,336,231,Tashkent
F,8881,24,climatology_mean,7903,37.59285294366725,26.21654050257182,5.592465128955124,0.12949793466490545,20.736842105263158,0.8154657293497364,0.6884272997032641,1.0,337,232,Tashkent
F,8881,48,persistence,7394,44.71572819926549,25.589667297809033,-0.2978090343521774,-0.22079115384769832,13.0,0.8636363636363636,0.8636363636363636,0.8636363636363636,323,220,Tashkent
F,8881,48,diurnal_persistence,7394,44.71572819926549,25.589667297809033,-0.2978090343521774,-0.22079115384769832,13.0,0.8636363636363636,0.8636363636363636,0.8636363636363636,323,220,Tashkent
F,8881,48,same_hour_mean_7d,7861,37.34872415078238,22.567975721009688,0.80627934165652,0.13969379413913996,11.714285714285715,0.8340425531914893,0.8166666666666667,0.8521739130434782,335,230,Tashkent
F,8881,48,climatology_mean,7903,37.59285294366725,26.21654050257182,5.592465128955124,0.12949793466490545,20.736842105263158,0.8154657293497364,0.6884272997032641,1.0,337,232,Tashkent
F,8881,72,persistence,7347,46.66078585901742,26.805090513134612,0.2851504015244317,-0.3318823785195506,13.0,0.8287037037037036,0.8325581395348837,0.8248847926267281,319,217,Tashkent
F,8881,72,diurnal_persistence,7347,46.66078585901742,26.805090513134612,0.2851504015244317,-0.3318823785195506,13.0,0.8287037037037036,0.8325581395348837,0.8248847926267281,319,217,Tashkent
F,8881,72,same_hour_mean_7d,7837,38.053863479425985,23.03572491903486,1.0292325173019323,0.09789949535429832,12.0,0.8230277185501065,0.8041666666666667,0.8427947598253275,334,229,Tashkent
F,8881,72,climatology_mean,7903,37.59285294366725,26.21654050257182,5.592465128955124,0.12949793466490545,20.736842105263158,0.8154657293497364,0.6884272997032641,1.0,337,232,Tashkent
F,Bishkek,24,persistence,7437,34.514516728462645,15.058679575097484,0.016404464165658196,-0.5544464925710806,5.0,0.7142857142857143,0.7142857142857143,0.7142857142857143,319,77,Bishkek
F,Bishkek,24,diurnal_persistence,7437,34.514516728462645,15.058679575097484,0.016404464165658196,-0.5544464925710806,5.0,0.7142857142857143,0.7142857142857143,0.7142857142857143,319,77,Bishkek
F,Bishkek,24,same_hour_mean_7d,7876,27.253999421624354,12.988432731142229,-0.07545357807927634,0.025909625157276017,5.142857142857142,0.7093023255813954,0.648936170212766,0.782051282051282,332,78,Bishkek
F,Bishkek,24,climatology_mean,7900,41.323493036534224,28.417109771692193,23.798053400236302,-1.2450958375602807,15.069265367316342,0.47706422018348627,0.3132530120481928,1.0,333,78,Bishkek
F,Bishkek,48,persistence,7365,35.21763350136582,15.454161575016972,0.22257976917854722,-0.6466610225742331,5.0,0.6538461538461539,0.6455696202531646,0.6623376623376623,317,77,Bishkek
F,Bishkek,48,diurnal_persistence,7365,35.21763350136582,15.454161575016972,0.22257976917854722,-0.6466610225742331,5.0,0.6538461538461539,0.6455696202531646,0.6623376623376623,317,77,Bishkek
F,Bishkek,48,same_hour_mean_7d,7856,27.655090728545638,13.072384407428958,-0.11283944331296662,-0.0006758180381845058,5.042857142857143,0.6627906976744187,0.6063829787234043,0.7307692307692307,331,78,Bishkek
F,Bishkek,48,climatology_mean,7900,41.323493036534224,28.417109771692193,23.798053400236302,-1.2450958375602807,15.069265367316342,0.47706422018348627,0.3132530120481928,1.0,333,78,Bishkek
F,Bishkek,72,persistence,7299,37.00294445503275,16.15295245924099,0.08168242224962323,-0.7537858012097056,5.0,0.5844155844155844,0.5769230769230769,0.5921052631578947,314,76,Bishkek
F,Bishkek,72,diurnal_persistence,7299,37.00294445503275,16.15295245924099,0.08168242224962323,-0.7537858012097056,5.0,0.5844155844155844,0.5769230769230769,0.5921052631578947,314,76,Bishkek
F,Bishkek,72,same_hour_mean_7d,7840,27.785013871779036,13.148854409620991,-0.214569120505345,-0.008199766207061643,5.171428571428571,0.631578947368421,0.5806451612903226,0.6923076923076923,330,78,Bishkek
F,Bishkek,72,climatology_mean,7900,41.323493036534224,28.417109771692193,23.798053400236302,-1.2450958375602807,15.069265367316342,0.47706422018348627,0.3132530120481928,1.0,333,78,Bishkek
F,Ashgabat,24,persistence,6259,37.2335525312171,16.978750599137243,0.046972359801885286,-0.5898161367067203,9.0,0.8368421052631579,0.8368421052631579,0.8368421052631579,258,190,Ashgabat
F,Ashgabat,24,diurnal_persistence,6259,37.2335525312171,16.978750599137243,0.046972359801885286,-0.5898161367067203,9.0,0.8368421052631579,0.8368421052631579,0.8368421052631579,258,190,Ashgabat
F,Ashgabat,24,same_hour_mean_7d,6322,31.180701497283543,16.38065297298926,0.17059286542836055,-0.12259200005012749,10.285714285714285,0.8275862068965517,0.7407407407407407,0.9375,260,192,Ashgabat
F,Ashgabat,24,climatology_mean,6394,30.133832959176377,14.051811785530974,-7.134271124468048,-0.05638870609828883,8.528039832285117,0.792079207920792,0.7619047619047619,0.8247422680412371,263,194,Ashgabat
F,Ashgabat,48,persistence,6140,39.50089678609256,19.214657980456025,0.3322475570032573,-0.8041340821022007,11.0,0.7741935483870968,0.7741935483870968,0.7741935483870968,253,186,Ashgabat
F,Ashgabat,48,diurnal_persistence,6140,39.50089678609256,19.214657980456025,0.3322475570032573,-0.8041340821022007,11.0,0.7741935483870968,0.7741935483870968,0.7741935483870968,253,186,Ashgabat
F,Ashgabat,48,same_hour_mean_7d,6251,32.27308256901202,17.352076620121736,0.10695622033807897,-0.19349922117430407,11.142857142857142,0.8158508158508158,0.7322175732217573,0.9210526315789473,257,190,Ashgabat
F,Ashgabat,48,climatology_mean,6394,30.133832959176377,14.051811785530974,-7.134271124468048,-0.05638870609828883,8.528039832285117,0.792079207920792,0.7619047619047619,0.8247422680412371,263,194,Ashgabat
F,Ashgabat,72,persistence,6024,38.167690215170495,19.823705179282868,0.703519256308101,-1.0975531777347451,12.0,0.7417582417582419,0.7417582417582418,0.7417582417582418,248,182,Ashgabat
F,Ashgabat,72,diurnal_persistence,6024,38.167690215170495,19.823705179282868,0.703519256308101,-1.0975531777347451,12.0,0.7417582417582419,0.7417582417582418,0.7417582417582418,248,182,Ashgabat
F,Ashgabat,72,same_hour_mean_7d,6179,32.84251631186132,17.816769549703686,0.07287664054131122,-0.22694465875738046,11.285714285714286,0.8009478672985781,0.7191489361702128,0.9037433155080213,254,187,Ashgabat
F,Ashgabat,72,climatology_mean,6394,30.133832959176377,14.051811785530974,-7.134271124468048,-0.05638870609828883,8.528039832285117,0.792079207920792,0.7619047619047619,0.8247422680412371,263,194,Ashgabat
